{"ExchangeRate": {"HK2RMB": 0.876300,"LastRefresh": 1687418752.000000},"BestHost": [[300,1,"Default",1,1687418708]]}